-- phpMyAdmin SQL Dump
-- version 5.2.1
-- https://www.phpmyadmin.net/
--
-- Host: 127.0.0.1:3307
-- Generation Time: Jun 15, 2026 at 12:11 PM
-- Server version: 10.4.32-MariaDB
-- PHP Version: 8.0.30

SET SQL_MODE = "NO_AUTO_VALUE_ON_ZERO";
START TRANSACTION;
SET time_zone = "+00:00";


/*!40101 SET @OLD_CHARACTER_SET_CLIENT=@@CHARACTER_SET_CLIENT */;
/*!40101 SET @OLD_CHARACTER_SET_RESULTS=@@CHARACTER_SET_RESULTS */;
/*!40101 SET @OLD_COLLATION_CONNECTION=@@COLLATION_CONNECTION */;
/*!40101 SET NAMES utf8mb4 */;

--
-- Database: `databarging`
--

-- --------------------------------------------------------

--
-- Table structure for table `barges`
--

CREATE TABLE `barges` (
  `id` int(11) NOT NULL,
  `tugboat` varchar(120) NOT NULL,
  `barge` varchar(160) NOT NULL,
  `vendor` varchar(80) DEFAULT NULL,
  `kontrak` varchar(80) DEFAULT NULL,
  `muatan` decimal(12,2) DEFAULT NULL,
  `penalty` varchar(80) DEFAULT NULL,
  `created_at` timestamp NOT NULL DEFAULT current_timestamp(),
  `updated_at` timestamp NULL DEFAULT NULL ON UPDATE current_timestamp()
) ENGINE=InnoDB DEFAULT CHARSET=utf8mb4 COLLATE=utf8mb4_unicode_ci;

--
-- Dumping data for table `barges`
--

INSERT INTO `barges` (`id`, `tugboat`, `barge`, `vendor`, `kontrak`, `muatan`, `penalty`, `created_at`, `updated_at`) VALUES
(1, 'TB. MARINA 2201', 'BG. MARINE POWER 3037', 'BMC', 'DEDICATED', 8200.00, 'Deadfreight', '2025-12-15 11:07:56', NULL),
(2, 'TB. MARINA 1605', 'BG. MARINE POWER 3033', 'BMC', 'DEDICATED', 8200.00, 'Deadfreight', '2025-12-15 11:07:56', NULL),
(3, 'TB. MARINA 1611', 'BG. MARINE POWER 3047', 'BMC', 'DEDICATED', 8200.00, 'Deadfreight', '2025-12-15 11:07:56', NULL),
(4, 'TB. MARINA 2201', 'BG. MARINE POWER 3037', 'BMC', 'DEDICATED', 8200.00, 'Deadfreight', '2025-12-15 11:20:59', NULL),
(5, 'TB. MARINA 1605', 'BG. MARINE POWER 3033', 'BMC', 'DEDICATED', 8200.00, 'Deadfreight', '2025-12-15 11:20:59', NULL),
(6, 'TB. MARINA 1611', 'BG. MARINE POWER 3047', 'BMC', 'DEDICATED', 8200.00, 'Deadfreight', '2025-12-15 11:20:59', NULL),
(7, 'TB. BIAK 37', 'BG. GARUDA COAL XV', 'TMS', 'DEDICATED', 9000.00, 'Deadfreight', '2025-12-15 11:20:59', NULL),
(8, 'TB. BIAK 39', 'BG. GARUDA COAL XVII', 'TMS', 'DEDICATED', 9000.00, 'Deadfreight', '2025-12-15 11:20:59', NULL),
(9, 'TB. BIAK 36', 'BG. GARUDA COAL XII', 'TMS', 'DEDICATED', 9000.00, 'Deadfreight', '2025-12-15 11:20:59', NULL),
(10, 'TB. BIAK 38', 'BG. GARUDA COAL XVI', 'TMS', 'DEDICATED', 9000.00, 'Deadfreight', '2025-12-15 11:20:59', NULL),
(11, 'TB. AZALEA', 'BG. FITRIA 301', 'GLS', 'DEDICATED', 7500.00, 'Deadfreight', '2025-12-15 11:20:59', NULL),
(12, 'TB. KSU 1', 'BG. KSU 171', 'KSU', 'DEDICATED', 7500.00, 'Deadfreight', '2025-12-15 11:20:59', NULL),
(13, 'TB. BIAK 27', 'BG. GARUDA COAL II', 'KSU', 'DEDICATED', 7500.00, 'Deadfreight', '2025-12-15 11:20:59', NULL),
(14, 'TB. KSU 3', 'BG. KSU 173', 'KSU', 'DEDICATED', 7500.00, 'Deadfreight', '2025-12-15 11:20:59', NULL),
(15, 'TB. PRIMA STAR 16', 'BG. TAURUS 11', 'PPSJ', 'DEDICATED', 7500.00, 'Deadfreight', '2025-12-15 11:20:59', NULL),
(16, 'TB. PRIMA MULIA 05', 'BG. PRIMA SEJATI 303', 'PPSJ', 'DEDICATED', 7500.00, 'Deadfreight', '2025-12-15 11:20:59', NULL),
(17, 'TB. PRIMA STAR 37', 'BG. PRIMA SAKTI 53', 'PPSJ', 'DEDICATED', 7500.00, 'Deadfreight', '2025-12-15 11:20:59', NULL),
(18, 'TB. PRIMA MAJU 01', 'BG. PMS STAR 302', 'PPSJ', 'DEDICATED', 7500.00, 'Deadfreight', '2025-12-15 11:20:59', NULL),
(19, 'TB. PRIMA STAR 65', 'BG. KUNPHEN', 'PPSJ', 'DEDICATED', 7500.00, 'Deadfreight', '2025-12-15 11:20:59', NULL),
(20, 'TB. PRIMA MULIA 02', 'BG. PRIMA SEJATI 309', 'PPSJ', 'DEDICATED', 7500.00, 'Deadfreight', '2025-12-15 11:20:59', NULL),
(21, 'TB. LINTAS SAMUDERA 31', 'BG. WIRATIMUR 3017A', 'DLS', 'DEDICATED', 7500.00, 'Deadfreight', '2025-12-15 11:20:59', NULL),
(22, 'TB. ARTHA KALTIM 16', 'BG. WIRATIMUR 3016A', 'DLS', 'DEDICATED', 7500.00, 'Deadfreight', '2025-12-15 11:20:59', NULL),
(23, 'TB. AH 2018 01', 'BG. EHAL 2018 01', 'CNB', 'DEDICATED', 7500.00, 'Detention', '2025-12-15 11:20:59', NULL),
(24, 'TB. AH 2018 02', 'BG. EHAL 2018 02', 'CNB', 'DEDICATED', 7500.00, 'Detention', '2025-12-15 11:20:59', NULL),
(25, 'TB. INTAN MEGAH 26', 'BG. DEWI FATMAWATI', 'PSS', 'DEDICATED', 7500.00, 'Deadfreight', '2025-12-15 11:20:59', NULL),
(26, 'TB. HERLINA 128', 'BG. DEWI FATMAWATI', 'PSS', 'DEDICATED', 7500.00, 'Deadfreight', '2025-12-15 11:20:59', NULL),
(27, 'TB. INTAN MEGAH 17', 'BG. INTAN KELANA 22', 'PSS', 'DEDICATED', 7500.00, 'Deadfreight', '2025-12-15 11:20:59', NULL),
(28, 'TB. SK 02', 'BG. SS 02', 'PSS', 'DEDICATED', 7500.00, 'Deadfreight', '2025-12-15 11:20:59', NULL),
(29, 'TB. INTAN MEGAH 16', 'BG. INTAN KELANA 11', 'PSS', 'DEDICATED', 7500.00, 'Deadfreight', '2025-12-15 11:20:59', NULL),
(30, 'TB. INTAN MEGAH 18', 'BG. INTAN KELANA 8', 'PSS', 'DEDICATED', 7500.00, 'Deadfreight', '2025-12-15 11:20:59', NULL),
(31, 'TB. CPA 08', 'BG. SEA HORSE 07', 'PSS', 'DEDICATED', 7500.00, 'Deadfreight', '2025-12-15 11:20:59', NULL),
(32, 'TB. INTAN MEGAH 16', 'BG. INTAN KELANA 8', 'PSS', 'DEDICATED', 7500.00, 'Deadfreight', '2025-12-15 11:20:59', NULL),
(33, 'TB. INTAN MEGAH 2', 'BG. DEWI FATMAWATI', 'PSS', 'DEDICATED', 7500.00, 'Deadfreight', '2025-12-15 11:20:59', NULL),
(34, 'TB. BIAK 35', 'BG. GARUDA COAL XI', 'TML', 'DEDICATED', 8000.00, 'Deadfreight', '2025-12-15 11:20:59', NULL),
(35, 'TB. BIAK 10', 'BG. GARUDA COAL I', 'TML', 'DEDICATED', 8500.00, 'Deadfreight', '2025-12-15 11:20:59', NULL),
(36, 'TB. BIAK 7', 'BG. GARUDA COAL VII', 'TML', 'DEDICATED', 8000.00, 'Deadfreight', '2025-12-15 11:20:59', NULL),
(37, 'TB. BIAK 32', 'BG. GARUDA COAL IX', 'TML', 'DEDICATED', 8000.00, 'Deadfreight', '2025-12-15 11:20:59', NULL),
(38, 'TB. BIAK 33', 'BG. GARUDA COAL X', 'TML', 'DEDICATED', 8000.00, 'Deadfreight', '2025-12-15 11:20:59', NULL),
(39, 'TB. BIAK 12', 'BG. GARUDA COAL V', 'TML', 'DEDICATED', 8000.00, 'Deadfreight', '2025-12-15 11:20:59', NULL),
(40, 'TB. BIAK 15', 'BG. GARUDA COAL VIII', 'TML', 'DEDICATED', 8000.00, 'Deadfreight', '2025-12-15 11:20:59', NULL),
(41, 'TB. BIAK 25', 'BG. GARUDA COAL', 'TML', 'DEDICATED', 8500.00, 'Deadfreight', '2025-12-15 11:20:59', NULL),
(42, 'TB. BIAK 11', 'BG. GARUDA COAL VI', 'TML', 'DEDICATED', 8000.00, 'Deadfreight', '2025-12-15 11:20:59', NULL),
(43, 'TB. BIAK II', 'BG. GARUDA COAL III', 'TML', 'DEDICATED', 8000.00, 'Deadfreight', '2025-12-15 11:20:59', NULL),
(44, 'TB. BIAK 32', 'BG. GARUDA COAL lX', 'TML', 'DEDICATED', 8000.00, 'Deadfreight', '2025-12-15 11:20:59', NULL),
(45, 'TB. BIAK 7', 'BG. GARUDA COAL VIII', 'TML', 'DEDICATED', 8000.00, 'Deadfreight', '2025-12-15 11:20:59', NULL),
(46, 'TB. KAILI I', 'BG. MOANA I', 'BDD', 'DEDICATED', 7500.00, 'Deadfreight', '2025-12-15 11:20:59', NULL),
(47, 'TB. KAILI II', 'BG. MOANA II', 'BDD', 'DEDICATED', 7500.00, 'Deadfreight', '2025-12-15 11:20:59', NULL),
(48, 'TB. MARINA 1618', 'BG. MARINE POWER 3073', 'BBS', 'DEDICATED', 8900.00, 'Deadfreight', '2025-12-15 11:20:59', NULL),
(49, 'TB. MARINA 1618', 'BG. MARINE POWER 3049', 'BBS', 'DEDICATED', 8200.00, 'Deadfreight', '2025-12-15 11:20:59', NULL),
(50, 'TB. MARINA 1623', 'BG. MARINE POWER 3053', 'BBS', 'DEDICATED', 8200.00, 'Deadfreight', '2025-12-15 11:20:59', NULL),
(51, 'TB. MARINA 1630', 'BG. MARINE POWER 3085', 'BBS', 'DEDICATED', 8200.00, 'Deadfreight', '2025-12-15 11:20:59', NULL),
(52, 'TB. MARINA 1631', 'BG. MARINE POWER 3073', 'BBS', 'DEDICATED', 8900.00, 'Deadfreight', '2025-12-15 11:20:59', NULL),
(53, 'TB. MARINA 2247', 'BG. MARINE POWER 9001', 'BBS', 'DEDICATED', 8900.00, 'Deadfreight', '2025-12-15 11:20:59', NULL),
(54, 'TB. MARINA 5', 'BG. MARINE POWER 3073', 'BBS', 'DEDICATED', 8900.00, 'Deadfreight', '2025-12-15 11:20:59', NULL),
(55, 'TB. MARINA 5', 'BG. MARINE POWER 3085', 'BBS', 'DEDICATED', 8200.00, 'Deadfreight', '2025-12-15 11:20:59', NULL),
(56, 'TB. MARINA 5', 'BG. MARINE POWER 3049', 'BBS', 'DEDICATED', 8200.00, 'Deadfreight', '2025-12-15 11:20:59', NULL),
(57, 'TB. KSA 71', 'BG. BAIDURI 27269', 'KSA', 'SPOT', 5000.00, 'Detention', '2025-12-15 11:20:59', NULL),
(58, 'TB. GMS CEMERLANG 1', 'BG. GMS 3201', 'GMS', 'DEDICATED', 10000.00, 'Deadfreight', '2025-12-15 11:20:59', NULL),
(59, 'TB. GMS CEMERLANG 3', 'BG. GMS 3203', 'GMS', 'DEDICATED', 10000.00, 'Deadfreight', '2025-12-15 11:20:59', NULL),
(60, 'TB. JAYA MANGALA 39', 'BG. SAMUDRA 3007', 'PPSJ', 'DEDICATED', 7500.00, 'Deadfreight', '2025-12-15 11:20:59', NULL),
(61, 'TB. PRIMA STAR 27', 'BG. PRIMA SAKTI 52', 'PPSJ', 'DEDICATED', 7500.00, 'Deadfreight', '2025-12-15 11:20:59', NULL),
(62, 'TB. PRIMA SURYA 01', 'BG. PES 3301', 'PPSJ', 'DEDICATED', 10000.00, 'Deadfreight', '2025-12-15 11:20:59', NULL),
(63, 'TB. PRIME 9', 'BG. SUPPORT 6', 'PPSJ', 'DEDICATED', 7500.00, 'Deadfreight', '2025-12-15 11:20:59', NULL),
(64, 'TB. ARTHA KALTIM 13', 'BG. PRIMA SAKTI 79', 'PPSJ', 'DEDICATED', 7500.00, 'Deadfreight', '2025-12-15 11:20:59', NULL),
(65, 'TB. JAYA MANGGALA 39', 'BG. SAMUDRA 300-7', 'PPSJ', 'DEDICATED', 7500.00, 'Deadfreight', '2025-12-15 11:20:59', NULL),
(66, 'TB. PRIMA MULIA 07', 'BG. PRIMA SEJATI 307', 'PPSJ', 'DEDICATED', 7500.00, 'Deadfreight', '2025-12-15 11:20:59', NULL),
(67, 'TB. PRIMA STAR 6', 'BG. PRIMA SAKTI 76', 'PPSJ', 'DEDICATED', 7500.00, 'Deadfreight', '2025-12-15 11:20:59', NULL),
(68, 'TB. PRIMA MULIA 05', 'BG. PRIMA SEJATI 303', 'PPSJ', 'DEDICATED', 7500.00, 'Deadfreight', '2025-12-15 11:20:59', '2025-12-16 09:35:14'),
(69, 'TB. ATLANTIC STAR 25', 'BG. TAURUS 15', 'PPSJ', 'DEDICATED', 7500.00, 'Deadfreight', '2025-12-15 11:20:59', NULL),
(70, 'TB. CAHAYA RAJA ANUGRAH', 'BG. TAURUS 10', 'PPSJ', 'DEDICATED', 7500.00, 'Deadfreight', '2025-12-15 11:20:59', NULL),
(71, 'TB. PRIMA STAR 16', 'BG. PRIMA SAKTI 27', 'PPSJ', 'DEDICATED', 7500.00, 'Deadfreight', '2025-12-15 11:20:59', NULL),
(72, 'TB. ATLANTIC STAR 21', 'BG. PRIMA SEJATI 309', 'PPSJ', 'DEDICATED', 7500.00, 'Deadfreight', '2025-12-15 11:20:59', NULL),
(73, 'TB. PRIMA STAR 25', 'BG. PRIMA SAKTI 27', 'PPSJ', 'DEDICATED', 7500.00, 'Deadfreight', '2025-12-15 11:20:59', NULL),
(74, 'TB. DELTA AYU 388', 'BG. KALIMANTAN CAHAYA 88', 'AYU', 'DEDICATED', 7500.00, 'CQD', '2025-12-15 11:20:59', NULL),
(75, 'TB. DELTA AYU 228', 'BG. KALIMANTAN CAHAYA', 'AYU', 'DEDICATED', 7500.00, 'CQD', '2025-12-15 11:20:59', NULL),
(76, 'TB. DELTA AYU 188', 'BG. KALIMANTAN DELAPAN', 'AYU', 'DEDICATED', 7500.00, 'CQD', '2025-12-15 11:20:59', NULL),
(77, 'TB. DELTA AYU 358', 'BG. KALIMANTAN ABADI 06', 'AYU', 'DEDICATED', 7500.00, 'CQD', '2025-12-15 11:20:59', NULL),
(78, 'TB. DELTA AYU 618', 'BG. KALIMANTAN AYU 05', 'AYU', 'DEDICATED', 10500.00, 'CQD', '2025-12-15 11:20:59', NULL),
(79, 'TB. DELTA AYU 8', 'BG. KALIMANTAN CAHAYA 38', 'AYU', 'DEDICATED', 7500.00, 'CQD', '2025-12-15 11:20:59', NULL),
(80, 'TB. DELTA CAHAYA 2', 'BG. KALIMANTAN CAHAYA 58', 'AYU', 'DEDICATED', 7500.00, 'CQD', '2025-12-15 11:20:59', NULL),
(81, 'TB. DELTA AYU 118', 'BG. KALIMANTAN DELAPAN', 'AYU', 'DEDICATED', 7500.00, 'CQD', '2025-12-15 11:20:59', NULL),
(82, 'TB. DELTA CAHAYA 2', 'BG. KALIMANTAN CAHAYA 8', 'AYU', 'DEDICATED', 7500.00, 'CQD', '2025-12-15 11:20:59', NULL),
(83, 'TB. DELTA AYU 28', 'BG. KALIMANTAN SATU', 'AYU', 'DEDICATED', 7500.00, 'CQD', '2025-12-15 11:20:59', NULL),
(84, 'TB. DELTA AYU 1038', 'BG. KALIMANTAN AYU 08', 'AYU', 'DEDICATED', 7500.00, 'CQD', '2025-12-15 11:20:59', NULL),
(85, 'TB. DELTA AYU 1028', 'BG. KALIMANTAN NUSANTARA 01', 'AYU', 'DEDICATED', 7500.00, 'CQD', '2025-12-15 11:20:59', NULL),
(86, 'TB. DELTA AYU 338', 'BG. KALIMANTAN AYU 02', 'AYU', 'DEDICATED', 7500.00, 'CQD', '2025-12-15 11:20:59', NULL),
(87, 'TB. DELTA AYU 658', 'BG. KALIMANTAN PERSADA 03', 'AYU', 'DEDICATED', 7500.00, 'CQD', '2025-12-15 11:20:59', NULL),
(88, 'TB. DELTA ABADI 38', 'BG. KALIMANTAN ABADI 06', 'AYU', 'DEDICATED', 7500.00, 'CQD', '2025-12-15 11:20:59', NULL),
(89, 'TB. VARUNA', 'BG. BROTHERHOOD I', 'DLS', 'DEDICATED', 7500.00, 'CQD', '2025-12-15 11:20:59', NULL),
(90, 'TB. LINTAS SAMUDERA 102', 'BG. LINTAS SAMUDERA 106', 'DLS', 'DEDICATED', 10000.00, 'CQD', '2025-12-15 11:20:59', NULL),
(91, 'TB. HARMONY VIII', 'BG. LINTAS SAMUDERA 106', 'DLS', 'DEDICATED', 10000.00, 'CQD', '2025-12-15 11:20:59', NULL),
(92, 'TB. LINTAS SAMUDERA 116', 'BG. LINTAS SAMUDERA 106', 'DLS', 'DEDICATED', 10000.00, 'CQD', '2025-12-15 11:20:59', NULL),
(93, 'TB. LINTAS SAMUDERA XXX', 'BG. LINTAS SAMUDERA 66', 'DLS', 'DEDICATED', 10000.00, 'CQD', '2025-12-15 11:20:59', NULL),
(94, 'TB. LINTAS SAMUDERA 90', 'BG. LINTAS SAMUDERA 136', 'DLS', 'DEDICATED', 7500.00, 'CQD', '2025-12-15 11:20:59', NULL),
(95, 'TB. HARMONY XII', 'BG. LINTAS SAMUDERA 119', 'DLS', 'DEDICATED', 10000.00, 'CQD', '2025-12-15 11:20:59', NULL),
(96, 'TB. LINTAS SAMUDERA IX', 'BG. BROTHERHOOD II', 'DLS', 'DEDICATED', 7500.00, 'CQD', '2025-12-15 11:20:59', NULL),
(97, 'TB. HARMONY I', '?BG. LINTAS SAMUDERA 89', 'DLS', 'DEDICATED', 7500.00, 'CQD', '2025-12-15 11:20:59', NULL),
(98, 'TB. HARMONY XXV', 'BG. LINTAS SAMUDERA VI', 'DLS', 'DEDICATED', 7500.00, 'CQD', '2025-12-15 11:20:59', '2025-12-16 09:35:10'),
(99, 'TB. LINTAS SAMUDERA XI', 'BG. LINTAS SAMUDERA 87', 'DLS', 'DEDICATED', 7500.00, 'CQD', '2025-12-15 11:20:59', NULL),
(100, 'TB. HARMONY XXVI', 'BG. BAHARI JAYA 300', 'DLS', 'DEDICATED', 7500.00, 'CQD', '2025-12-15 11:20:59', NULL),
(101, 'TB. DOLPHIN 58', 'BG. PATRA JAYA 2701', 'FAS', 'FAS', 5000.00, 'CQD', '2025-12-15 11:20:59', NULL),
(102, 'TB. DELTA AYU 258', 'BG. KALIMANTAN 28', 'FAS', 'FAS', 5000.00, 'CQD', '2025-12-15 11:20:59', NULL),
(103, 'TB. DELTA AYU 288', 'BG. KALIMANTAN 108', 'FAS', 'FAS', 5000.00, 'CQD', '2025-12-15 11:20:59', NULL),
(104, 'TB. ZAHRA 01', 'BG. ADITAMA 301', 'FAS', 'FAS', 8000.00, 'CQD', '2025-12-15 11:20:59', NULL),
(105, 'TB. DELTA CAHAYA 5', 'BG. KALIMANTAN CAHAYA 18', 'FAS', 'FAS', 7500.00, 'CQD', '2025-12-15 11:20:59', NULL),
(106, 'TB. DELTA AYU 258', 'BG. KALIMANTAN 28', 'FAS', 'FAS', 5000.00, 'CQD', '2025-12-15 11:20:59', NULL),
(107, 'TB. MITRA STAR VI', 'BG. MITRA IX', 'FAS', 'FAS', 5000.00, 'CQD', '2025-12-15 11:20:59', NULL),
(108, 'TB. DELTA AYU 288', 'BG. KALIMANTAN 108', 'FAS', 'FAS', 5000.00, 'CQD', '2025-12-15 11:20:59', NULL),
(109, 'TB. DELTA AYU 628', 'BG. KALIMANTAN PERSADA 01', 'FAS', 'FAS', 7500.00, 'CQD', '2025-12-15 11:20:59', NULL),
(110, 'TB. HARMONY XXI', 'BG. LINTAS SAMUDERA 129', 'FAS', 'FAS', 7500.00, 'CQD', '2025-12-15 11:20:59', NULL),
(111, 'TB. MAHAMERU 5', 'BG. MAHAMERU II', 'FAS', 'FAS', 5000.00, 'CQD', '2025-12-15 11:20:59', NULL),
(112, 'TB. MAHAKARYA I', 'BG. SWISS BORNEO 1105', 'FAS', 'FAS', 5000.00, 'CQD', '2025-12-15 11:20:59', NULL),
(113, 'TB. PERSADA XI', 'BG. KALTIM FT 50-01', 'FAS', 'FAS', 5000.00, 'CQD', '2025-12-15 11:20:59', '2025-12-15 11:33:06');

-- --------------------------------------------------------

--
-- Table structure for table `flf`
--

CREATE TABLE `flf` (
  `floating_crane` varchar(100) NOT NULL,
  `vendor_flf` varchar(50) NOT NULL,
  `pbm` varchar(50) NOT NULL,
  `anchorage` varchar(50) NOT NULL
) ENGINE=InnoDB DEFAULT CHARSET=utf8mb4 COLLATE=utf8mb4_unicode_ci;

--
-- Dumping data for table `flf`
--

INSERT INTO `flf` (`floating_crane`, `vendor_flf`, `pbm`, `anchorage`) VALUES
('FAS', 'FAS', 'FAS', 'FAS'),
('FC ALI', 'PNTS', 'FLOATING CRANE', 'M.BERAU'),
('FC APOLLO', 'PSSI', 'FLOATING CRANE', 'M.BERAU'),
('FC BULK JAVA', 'PSS', 'FLOATING CRANE', 'M.BERAU'),
('FC MARA', 'PSSI', 'FLOATING CRANE', 'M.BERAU'),
('FC MUTIARA JAWA', 'MJ', 'FLOATING CRANE', 'M.BERAU'),
('FC RATU DEWATA', 'PSS', 'FLOATING CRANE', 'M.BERAU'),
('FC ZEUS', 'PSSI', 'FLOATING CRANE', 'M.BERAU'),
('LONG TOWING', 'LONG TOWING', 'LONG TOWING', 'LONG TOWING'),
('STV KTM', 'KTM', 'STEVEDORE', 'M.BERAU'),
('STV MAESTRO', 'MLS', 'STEVEDORE', 'M.JAWA'),
('WHS ISKANDAR', 'PNTS', 'FLOATING TERMINAL', 'M.BERAU');

-- --------------------------------------------------------

--
-- Table structure for table `jetty`
--

CREATE TABLE `jetty` (
  `jetty` varchar(20) NOT NULL,
  `nama_panjang` varchar(255) NOT NULL
) ENGINE=InnoDB DEFAULT CHARSET=utf8mb4 COLLATE=utf8mb4_unicode_ci;

--
-- Dumping data for table `jetty`
--

INSERT INTO `jetty` (`jetty`, `nama_panjang`) VALUES
('ABK', 'JETTY PT ANUGERAH BARA KALTIM, EAST KALIMANTAN, INDONESIA'),
('ABP2', 'JETTY PT ALAMJAYA BARA PRATAMA 02, EAST KALIMANTAN, INDONESIA'),
('CAM', 'TERSUS GUNUNG BARA UTAMA, EAST KALIMANTAN, INDONESIA'),
('CDI', 'TERSUS GUNUNG BARA UTAMA, EAST KALIMANTAN, INDONESIA'),
('GBU', 'TERSUS GUNUNG BARA UTAMA, EAST KALIMANTAN, INDONESIA'),
('IBP', 'JETTY PT RENCANA MULIA BARATAMA, BUKIT JERING, EAST KALIMANTAN'),
('IM', 'JETTY PT ADIMITRA BARATAMA NUSANTARA, PENDINGIN, SANGA-SANGA, KALIMANTAN TIMUR, INDONESIA'),
('IP', 'JETTY PT OORJA INDO KGS, EAST KALIMANTAN, INDONESIA'),
('LKCT', 'JETTY LOA KULU COAL TERMINAL, EAST KALIMANTAN, INDONESIA'),
('LOCT', 'JETTY LOA GAGAK COAL TERMINAL, EAST KALIMANTAN, INDONESIA'),
('MTK', 'JETTY PT ALAMJAYA BARA PRATAMA 02, EAST KALIMANTAN, INDONESIA');

-- --------------------------------------------------------

--
-- Table structure for table `shipper`
--

CREATE TABLE `shipper` (
  `shipper` varchar(20) NOT NULL,
  `pt` varchar(150) NOT NULL,
  `nama_lengkap` text NOT NULL
) ENGINE=InnoDB DEFAULT CHARSET=utf8mb4 COLLATE=utf8mb4_unicode_ci;

--
-- Dumping data for table `shipper`
--

INSERT INTO `shipper` (`shipper`, `pt`, `nama_lengkap`) VALUES
('CAM', 'PT. CEMERLANG ASA MANDIRI', 'PT CEMERLANG ASA MANDIRI\nJALAN TEBET BARAT RAYA NOMOR 22 B,\nTEBET BARAT, TEBET, KOTA ADM. JAKARTA SELATAN, DKI\nJAKARTA, INDONESIA'),
('CDI', 'PT. CITRA DAYAK INDAH', 'PT CITRA DAYAK INDAH\nJL. RAPAK INDAH PERMAI\nBLOK F NO. 21 LOK BAHU, SUNGAI KUNJANG,\nSAMARINDA, KALIMANTAN TIMUR'),
('MHU', 'PT. MULTI HARAPAN UTAMA', 'PT MULTI HARAPAN UTAMA\nCFX TOWER LANTAI 3-4, JALAN JENDERAL GATOT SUBROTO,\nKAVELING 35-36,\nKUNINGAN TIMUR, SETIABUDI, KOTA ADM. JAKARTA SELATAN,\nDKI JAKARTA, INDONESIA, 12950');

-- --------------------------------------------------------

--
-- Table structure for table `sibarges`
--

CREATE TABLE `sibarges` (
  `id` bigint(20) UNSIGNED NOT NULL,
  `no_pk` varchar(20) NOT NULL,
  `no_si_vessel` varchar(10) NOT NULL,
  `buyer` varchar(100) NOT NULL,
  `mothervessel` varchar(100) NOT NULL,
  `si_type` enum('SJN','SNP') NOT NULL,
  `month_num` tinyint(3) UNSIGNED NOT NULL,
  `year_num` smallint(5) UNSIGNED NOT NULL,
  `barge_seq` int(10) UNSIGNED NOT NULL,
  `si_barges` varchar(120) NOT NULL,
  `tugboat` varchar(120) NOT NULL,
  `barge` varchar(160) NOT NULL,
  `term` enum('FOB','FAS','CIF') DEFAULT NULL,
  `anchorage` varchar(50) DEFAULT NULL,
  `qty_plan` decimal(12,2) NOT NULL DEFAULT 0.00,
  `laycan_start` date DEFAULT NULL,
  `laycan_end` date DEFAULT NULL,
  `jetty_code` varchar(20) NOT NULL,
  `jetty_name` varchar(255) DEFAULT NULL,
  `shipper_code` varchar(20) NOT NULL,
  `shipper_name` text DEFAULT NULL,
  `record_status` enum('ACT','CANCEL') NOT NULL DEFAULT 'ACT',
  `remarks` text DEFAULT NULL,
  `created_by` varchar(50) NOT NULL,
  `created_at` timestamp NOT NULL DEFAULT current_timestamp(),
  `updated_at` timestamp NULL DEFAULT NULL ON UPDATE current_timestamp()
) ENGINE=InnoDB DEFAULT CHARSET=utf8mb4 COLLATE=utf8mb4_unicode_ci;

-- --------------------------------------------------------

--
-- Table structure for table `barge_operations`
--

CREATE TABLE `barge_operations` (
  `id` bigint(20) UNSIGNED NOT NULL,
  `sibarges_id` bigint(20) UNSIGNED NOT NULL,
  `arrival_jetty` datetime DEFAULT NULL,
  `commence_loading` datetime DEFAULT NULL,
  `completed_loading` datetime DEFAULT NULL,
  `departure_jetty` datetime DEFAULT NULL,
  `arrival_anchorage` datetime DEFAULT NULL,
  `mooring` datetime DEFAULT NULL,
  `commence_discharging` datetime DEFAULT NULL,
  `completed_discharging` datetime DEFAULT NULL,
  `clear_pass` datetime DEFAULT NULL,
  `qty_ds` decimal(12,2) DEFAULT NULL,
  `flf` varchar(100) DEFAULT NULL,
  `operation_status` enum('DRAFT','IN_PROGRESS','COMPLETED') NOT NULL DEFAULT 'DRAFT',
  `operation_data` json DEFAULT NULL,
  `remarks` text DEFAULT NULL,
  `created_by` varchar(50) DEFAULT NULL,
  `created_at` timestamp NOT NULL DEFAULT current_timestamp(),
  `updated_at` timestamp NULL DEFAULT NULL ON UPDATE current_timestamp()
) ENGINE=InnoDB DEFAULT CHARSET=utf8mb4 COLLATE=utf8mb4_unicode_ci;

--
-- Dumping data for table `sibarges`
--

INSERT INTO `sibarges` (`id`, `no_pk`, `no_si_vessel`, `buyer`, `mothervessel`, `si_type`, `month_num`, `year_num`, `barge_seq`, `si_barges`, `tugboat`, `barge`, `qty_plan`, `laycan_start`, `laycan_end`, `jetty_code`, `jetty_name`, `shipper_code`, `shipper_name`, `record_status`, `remarks`, `created_by`, `created_at`, `updated_at`) VALUES
(1, 'M.25-283', '176', 'MISEC', 'MV. SAKURA BREEZE', 'SJN', 12, 2025, 1, 'SI-SJN/XII/2025/176/1', 'TB. BIAK 36', 'BG. GARUDA COAL XII', 9000.00, '2025-12-14', '2025-12-15', 'ABP2', 'ABP2', 'MHU', 'PT MULTI HARAPAN UTAMA\nCFX TOWER LANTAI 3-4, JALAN JENDERAL GATOT SUBROTO,\nKAVELING 35-36,\nKUNINGAN TIMUR, SETIABUDI, KOTA ADM. JAKARTA SELATAN,\nDKI JAKARTA, INDONESIA, 12950', 'ACT', '', 'admin', '2025-12-17 05:31:35', '2025-12-17 08:40:06'),
(2, 'M.25-283', '176', 'MISEC', 'MV. SAKURA BREEZE', 'SJN', 12, 2025, 2, 'SI-SJN/XII/2025/176/2', 'TB. MARINA 2201', 'BG. MARINE POWER 3037', 8200.00, '2025-12-14', '2025-12-15', 'ABP2', 'ABP2', 'MHU', 'PT MULTI HARAPAN UTAMA\nCFX TOWER LANTAI 3-4, JALAN JENDERAL GATOT SUBROTO,\nKAVELING 35-36,\nKUNINGAN TIMUR, SETIABUDI, KOTA ADM. JAKARTA SELATAN,\nDKI JAKARTA, INDONESIA, 12950', 'ACT', '', 'admin', '2025-12-17 05:33:21', '2025-12-17 08:40:00'),
(3, 'M.25-283', '176', 'MISEC', 'MV. SAKURA BREEZE', 'SJN', 12, 2025, 3, 'SI-SJN/XII/2025/176/3', 'TB. BIAK 7', 'BG. GARUDA COAL VII', 7380.00, '2025-12-15', '2025-12-16', 'ABP2', 'JETTY PT ALAMJAYA BARA PRATAMA 02, EAST KALIMANTAN, INDONESIA', 'MHU', 'PT MULTI HARAPAN UTAMA\nCFX TOWER LANTAI 3-4, JALAN JENDERAL GATOT SUBROTO,\nKAVELING 35-36,\nKUNINGAN TIMUR, SETIABUDI, KOTA ADM. JAKARTA SELATAN,\nDKI JAKARTA, INDONESIA, 12950', 'ACT', '', 'admin', '2025-12-17 07:47:56', NULL),
(4, 'M.25-283', '176', 'MISEC', 'MV. SAKURA BREEZE', 'SJN', 12, 2025, 4, 'SI-SJN/XII/2025/176/4', 'TB. KAILI I', 'BG. MOANA I', 7500.00, '2025-12-15', '2025-12-16', 'ABP2', 'ABP2', 'MHU', 'PT MULTI HARAPAN UTAMA\nCFX TOWER LANTAI 3-4, JALAN JENDERAL GATOT SUBROTO,\nKAVELING 35-36,\nKUNINGAN TIMUR, SETIABUDI, KOTA ADM. JAKARTA SELATAN,\nDKI JAKARTA, INDONESIA, 12950', 'ACT', '', 'admin', '2025-12-17 07:50:09', '2025-12-17 08:40:12'),
(5, 'M.25-283', '176', 'MISEC', 'MV. SAKURA BREEZE', 'SJN', 12, 2025, 5, 'SI-SJN/XII/2025/176/5', 'TB. BIAK 38', 'BG. GARUDA COAL XVI', 9000.00, '2025-12-15', '2025-12-16', 'MTK', 'JETTY PT ALAMJAYA BARA PRATAMA 02, EAST KALIMANTAN, INDONESIA', 'MHU', 'PT MULTI HARAPAN UTAMA\nCFX TOWER LANTAI 3-4, JALAN JENDERAL GATOT SUBROTO,\nKAVELING 35-36,\nKUNINGAN TIMUR, SETIABUDI, KOTA ADM. JAKARTA SELATAN,\nDKI JAKARTA, INDONESIA, 12950', 'ACT', '', 'admin', '2025-12-17 07:50:55', '2025-12-17 08:40:20'),
(6, 'M.25-220', '161', 'TNBF', 'MV. TAI CHANG', 'SJN', 11, 2025, 1, 'SI-SJN/XI/2025/161/1', 'TB. BIAK 10', 'BG. GARUDA COAL I', 4700.00, '2025-11-05', '2025-11-06', 'MTK', 'JETTY PT ALAMJAYA BARA PRATAMA 02, EAST KALIMANTAN, INDONESIA', 'MHU', 'PT MULTI HARAPAN UTAMA\nCFX TOWER LANTAI 3-4, JALAN JENDERAL GATOT SUBROTO,\nKAVELING 35-36,\nKUNINGAN TIMUR, SETIABUDI, KOTA ADM. JAKARTA SELATAN,\nDKI JAKARTA, INDONESIA, 12950', 'ACT', '', 'admin', '2025-12-17 08:48:35', NULL),
(7, 'M.25-220', '161', 'TNBF', 'MV. TAI CHANG', 'SJN', 11, 2025, 2, 'SI-SJN/XI/2025/161/2', 'TB. BIAK 32', 'BG. GARUDA COAL IX', 8000.00, '2025-11-06', '2025-11-07', 'MTK', 'JETTY PT ALAMJAYA BARA PRATAMA 02, EAST KALIMANTAN, INDONESIA', 'MHU', 'PT MULTI HARAPAN UTAMA\nCFX TOWER LANTAI 3-4, JALAN JENDERAL GATOT SUBROTO,\nKAVELING 35-36,\nKUNINGAN TIMUR, SETIABUDI, KOTA ADM. JAKARTA SELATAN,\nDKI JAKARTA, INDONESIA, 12950', 'ACT', '', 'admin', '2025-12-17 08:48:35', NULL),
(8, 'M.25-220', '161', 'TNBF', 'MV. TAI CHANG', 'SJN', 11, 2025, 3, 'SI-SJN/XI/2025/161/3', 'TB. BIAK 39', 'BG. GARUDA COAL XVII', 9000.00, '2025-11-06', '2025-11-07', 'MTK', 'JETTY PT ALAMJAYA BARA PRATAMA 02, EAST KALIMANTAN, INDONESIA', 'MHU', 'PT MULTI HARAPAN UTAMA\nCFX TOWER LANTAI 3-4, JALAN JENDERAL GATOT SUBROTO,\nKAVELING 35-36,\nKUNINGAN TIMUR, SETIABUDI, KOTA ADM. JAKARTA SELATAN,\nDKI JAKARTA, INDONESIA, 12950', 'ACT', '', 'admin', '2025-12-17 08:48:35', NULL),
(9, 'M.25-220', '161', 'TNBF', 'MV. TAI CHANG', 'SJN', 11, 2025, 4, 'SI-SJN/XI/2025/161/4', 'TB. MARINA 2247', 'BG. MARINE POWER 9001', 8900.00, '2025-11-06', '2025-11-07', 'MTK', 'JETTY PT ALAMJAYA BARA PRATAMA 02, EAST KALIMANTAN, INDONESIA', 'MHU', 'PT MULTI HARAPAN UTAMA\nCFX TOWER LANTAI 3-4, JALAN JENDERAL GATOT SUBROTO,\nKAVELING 35-36,\nKUNINGAN TIMUR, SETIABUDI, KOTA ADM. JAKARTA SELATAN,\nDKI JAKARTA, INDONESIA, 12950', 'ACT', '', 'admin', '2025-12-17 08:48:35', NULL),
(10, 'M.25-220', '161', 'TNBF', 'MV. TAI CHANG', 'SJN', 11, 2025, 5, 'SI-SJN/XI/2025/161/5', 'TB. BIAK 15', 'BG. GARUDA COAL VIII', 8000.00, '2025-11-07', '2025-11-08', 'MTK', 'JETTY PT ALAMJAYA BARA PRATAMA 02, EAST KALIMANTAN, INDONESIA', 'MHU', 'PT MULTI HARAPAN UTAMA\nCFX TOWER LANTAI 3-4, JALAN JENDERAL GATOT SUBROTO,\nKAVELING 35-36,\nKUNINGAN TIMUR, SETIABUDI, KOTA ADM. JAKARTA SELATAN,\nDKI JAKARTA, INDONESIA, 12950', 'ACT', '', 'admin', '2025-12-17 08:48:35', NULL),
(11, 'M.25-220', '161', 'TNBF', 'MV. TAI CHANG', 'SJN', 11, 2025, 6, 'SI-SJN/XI/2025/161/6', 'TB. BIAK 38', 'BG. GARUDA COAL XVI', 9000.00, '2025-11-07', '2025-11-08', 'MTK', 'JETTY PT ALAMJAYA BARA PRATAMA 02, EAST KALIMANTAN, INDONESIA', 'MHU', 'PT MULTI HARAPAN UTAMA\nCFX TOWER LANTAI 3-4, JALAN JENDERAL GATOT SUBROTO,\nKAVELING 35-36,\nKUNINGAN TIMUR, SETIABUDI, KOTA ADM. JAKARTA SELATAN,\nDKI JAKARTA, INDONESIA, 12950', 'CANCEL', '', 'admin', '2025-12-17 08:48:35', '2025-12-17 09:59:22'),
(12, 'M.25-220', '161', 'TNBF', 'MV. TAI CHANG', 'SJN', 11, 2025, 7, 'SI-SJN/XI/2025/161/7', 'TB. MARINA 1618', 'BG. MARINE POWER 3049', 8200.00, '2025-11-08', '2025-11-09', 'MTK', 'JETTY PT ALAMJAYA BARA PRATAMA 02, EAST KALIMANTAN, INDONESIA', 'MHU', 'PT MULTI HARAPAN UTAMA\nCFX TOWER LANTAI 3-4, JALAN JENDERAL GATOT SUBROTO,\nKAVELING 35-36,\nKUNINGAN TIMUR, SETIABUDI, KOTA ADM. JAKARTA SELATAN,\nDKI JAKARTA, INDONESIA, 12950', 'ACT', '', 'admin', '2025-12-17 08:48:35', NULL),
(13, 'M.25-220', '161', 'TNBF', 'MV. TAI CHANG', 'SJN', 11, 2025, 8, 'SI-SJN/XI/2025/161/8', 'TB. BIAK 35', 'BG. GARUDA COAL XI', 7000.00, '2025-11-08', '2025-11-09', 'MTK', 'JETTY PT ALAMJAYA BARA PRATAMA 02, EAST KALIMANTAN, INDONESIA', 'MHU', 'PT MULTI HARAPAN UTAMA\nCFX TOWER LANTAI 3-4, JALAN JENDERAL GATOT SUBROTO,\nKAVELING 35-36,\nKUNINGAN TIMUR, SETIABUDI, KOTA ADM. JAKARTA SELATAN,\nDKI JAKARTA, INDONESIA, 12950', 'ACT', '', 'admin', '2025-12-17 08:48:35', NULL),
(14, 'M.25-220', '161', 'TNBF', 'MV. TAI CHANG', 'SJN', 11, 2025, 9, 'SI-SJN/XI/2025/161/9', 'TB. MARINA 1611', 'BG. MARINE POWER 3047', 8200.00, '2025-11-09', '2025-11-10', 'MTK', 'JETTY PT ALAMJAYA BARA PRATAMA 02, EAST KALIMANTAN, INDONESIA', 'MHU', 'PT MULTI HARAPAN UTAMA\nCFX TOWER LANTAI 3-4, JALAN JENDERAL GATOT SUBROTO,\nKAVELING 35-36,\nKUNINGAN TIMUR, SETIABUDI, KOTA ADM. JAKARTA SELATAN,\nDKI JAKARTA, INDONESIA, 12950', 'ACT', '', 'admin', '2025-12-17 08:48:35', NULL),
(15, 'M.25-220', '161', 'TNBF', 'MV. TAI CHANG', 'SJN', 11, 2025, 10, 'SI-SJN/XI/2025/161/10', 'TB. INTAN MEGAH 2', 'BG. DEWI FATMAWATI', 7500.00, '2025-11-06', '2025-11-07', 'LOCT', 'JETTY LOA GAGAK COAL TERMINAL, EAST KALIMANTAN, INDONESIA', 'MHU', 'PT MULTI HARAPAN UTAMA\nCFX TOWER LANTAI 3-4, JALAN JENDERAL GATOT SUBROTO,\nKAVELING 35-36,\nKUNINGAN TIMUR, SETIABUDI, KOTA ADM. JAKARTA SELATAN,\nDKI JAKARTA, INDONESIA, 12950', 'ACT', '', 'admin', '2025-12-17 08:48:35', NULL),
(16, 'M.25-220', '161', 'TNBF', 'MV. TAI CHANG', 'SJN', 11, 2025, 11, 'SI-SJN/XI/2025/161/11', 'TB. INTAN MEGAH 16', 'BG. INTAN KELANA 11', 7500.00, '2025-11-06', '2025-11-07', 'LKCT', 'JETTY LOA KULU COAL TERMINAL, EAST KALIMANTAN, INDONESIA', 'MHU', 'PT MULTI HARAPAN UTAMA\nCFX TOWER LANTAI 3-4, JALAN JENDERAL GATOT SUBROTO,\nKAVELING 35-36,\nKUNINGAN TIMUR, SETIABUDI, KOTA ADM. JAKARTA SELATAN,\nDKI JAKARTA, INDONESIA, 12950', 'ACT', '', 'admin', '2025-12-17 08:48:35', NULL),
(17, 'M.25-220', '161', 'TNBF', 'MV. TAI CHANG', 'SJN', 11, 2025, 12, 'SI-SJN/XI/2025/161/12', 'TB. BIAK 33', 'BG. GARUDA COAL X', 7000.00, '2025-11-08', '2025-11-09', 'MTK', 'JETTY PT ALAMJAYA BARA PRATAMA 02, EAST KALIMANTAN, INDONESIA', 'MHU', 'PT MULTI HARAPAN UTAMA\nCFX TOWER LANTAI 3-4, JALAN JENDERAL GATOT SUBROTO,\nKAVELING 35-36,\nKUNINGAN TIMUR, SETIABUDI, KOTA ADM. JAKARTA SELATAN,\nDKI JAKARTA, INDONESIA, 12950', 'ACT', '', 'admin', '2025-12-17 08:48:35', NULL),
(18, 'M.25-220', '161', 'TNBF', 'MV. TAI CHANG', 'SJN', 11, 2025, 13, 'SI-SJN/XI/2025/161/13', 'TB. BIAK II', 'BG. GARUDA COAL III', 6990.00, '2025-11-09', '2025-11-10', 'MTK', 'JETTY PT ALAMJAYA BARA PRATAMA 02, EAST KALIMANTAN, INDONESIA', 'MHU', 'PT MULTI HARAPAN UTAMA\nCFX TOWER LANTAI 3-4, JALAN JENDERAL GATOT SUBROTO,\nKAVELING 35-36,\nKUNINGAN TIMUR, SETIABUDI, KOTA ADM. JAKARTA SELATAN,\nDKI JAKARTA, INDONESIA, 12950', 'ACT', '', 'admin', '2025-12-17 08:48:35', NULL);

-- --------------------------------------------------------

--
-- Table structure for table `vessel`
--

CREATE TABLE `vessel` (
  `no_pk` varchar(20) NOT NULL,
  `no_si_vessel` varchar(10) NOT NULL,
  `buyer` varchar(100) NOT NULL,
  `mothervessel` varchar(100) NOT NULL,
  `anchorage` varchar(30) DEFAULT NULL,
  `term` enum('FOB','FAS','CIF') DEFAULT NULL,
  `laycan_start` date DEFAULT NULL,
  `laycan_end` date DEFAULT NULL,
  `ta_vessel` date DEFAULT NULL,
  `single_mt` decimal(15,2) DEFAULT 0.00,
  `blending_mt` decimal(15,2) DEFAULT 0.00,
  `stowageplan_mt` decimal(15,2) DEFAULT 0.00,
  `loading_rate_kontrak` decimal(15,2) DEFAULT 0.00,
  `created_at` timestamp NOT NULL DEFAULT current_timestamp(),
  `updated_at` timestamp NULL DEFAULT NULL ON UPDATE current_timestamp()
) ENGINE=InnoDB DEFAULT CHARSET=utf8mb4 COLLATE=utf8mb4_unicode_ci;

--
-- Dumping data for table `vessel`
--

INSERT INTO `vessel` (`no_pk`, `no_si_vessel`, `buyer`, `mothervessel`, `laycan_start`, `laycan_end`, `ta_vessel`, `single_mt`, `blending_mt`, `stowageplan_mt`, `created_at`, `updated_at`) VALUES
('C.25-055', '063', 'BCPCL', 'MV. ROYAL IMAGE', '2025-11-20', '2025-11-29', '2025-11-26', 55750.00, 0.00, 55750.00, '2025-12-15 11:04:02', NULL),
('G.25-052', '060', 'BCPCL', 'MV. KENZEN', '2025-11-05', '2025-11-14', '2025-11-07', 60500.00, 0.00, 60500.00, '2025-12-15 10:21:54', NULL),
('G.25-246', '063', 'ABOITIZ', 'MV. MERCUR STAR', '2025-11-23', '2025-12-02', '2025-11-24', 1780.00, 75220.00, 77000.00, '2025-12-15 11:04:02', NULL),
('G.25-281', '062', 'IRNC', 'MV. ANDHIKA ALISHA', '2025-11-13', '2025-11-22', '2025-11-15', 74700.00, 0.00, 74700.00, '2025-12-15 11:04:02', NULL),
('M.25-018', '167', 'TANJUNG JATI B', 'MV. PRIMA ANDALAN I', '2025-11-26', '2025-12-05', '2025-11-16', 0.00, 67000.00, 67000.00, '2025-12-15 11:04:02', NULL),
('M.25-022', '165', 'IP SURALAYA', 'MV. RAFA', '2025-11-17', '2025-11-21', '2025-11-13', 50362.00, 0.00, 50362.00, '2025-12-15 11:04:02', NULL),
('M.25-063', '163', 'BCPCL', 'MV. SPINEL', '2025-11-11', '2025-11-20', '2025-11-15', 60500.00, 0.00, 60500.00, '2025-12-15 11:04:02', NULL),
('M.25-110', '164', 'TNBF', 'MV. SFL YANGTZE', '2025-11-16', '2025-11-25', '2025-11-24', 28130.00, 50120.00, 78250.00, '2025-12-15 11:04:02', NULL),
('M.25-178', '160', 'JAWA POWER', 'MV. MURSYID', '2025-11-05', '2025-11-09', '2025-11-04', 55000.00, 0.00, 55000.00, '2025-12-15 10:21:54', NULL),
('M.25-192', '162', 'MISEC', 'MV. NOZOMI', '2025-11-08', '2025-11-17', '2025-11-08', 20489.00, 23011.00, 43500.00, '2025-12-15 11:04:02', NULL),
('M.25-220', '161', 'TNBF', 'MV. TAI CHANG', '2025-11-06', '2025-11-15', '2025-11-08', 43785.00, 43615.00, 87400.00, '2025-12-15 11:04:02', NULL),
('M.25-283', '176', 'MISEC', 'MV. SAKURA BREEZE', '2025-12-18', '2025-12-27', '2025-12-18', 0.00, 0.00, 41085.00, '2025-12-16 10:58:05', NULL);

--
-- Indexes for dumped tables
--

--
-- Indexes for table `barges`
--
ALTER TABLE `barges`
  ADD PRIMARY KEY (`id`),
  ADD KEY `idx_tb` (`tugboat`),
  ADD KEY `idx_bg` (`barge`);

--
-- Indexes for table `flf`
--
ALTER TABLE `flf`
  ADD PRIMARY KEY (`floating_crane`);

--
-- Indexes for table `jetty`
--
ALTER TABLE `jetty`
  ADD PRIMARY KEY (`jetty`),
  ADD UNIQUE KEY `uq_jetty_code` (`jetty`);

--
-- Indexes for table `shipper`
--
ALTER TABLE `shipper`
  ADD PRIMARY KEY (`shipper`),
  ADD UNIQUE KEY `uq_shipper_code` (`shipper`);

--
-- Indexes for table `sibarges`
--
ALTER TABLE `sibarges`
  ADD PRIMARY KEY (`id`),
  ADD UNIQUE KEY `uq_si_barges` (`si_barges`),
  ADD KEY `idx_no_pk` (`no_pk`),
  ADD KEY `idx_no_pk_seq` (`no_pk`,`barge_seq`),
  ADD KEY `idx_jetty` (`jetty_code`),
  ADD KEY `idx_shipper` (`shipper_code`),
  ADD KEY `idx_status` (`record_status`),
  ADD KEY `idx_laycan` (`laycan_start`,`laycan_end`);

--
-- Indexes for table `barge_operations`
--
ALTER TABLE `barge_operations`
  ADD PRIMARY KEY (`id`),
  ADD UNIQUE KEY `uq_barge_operations_sibarges` (`sibarges_id`),
  ADD KEY `idx_operation_status` (`operation_status`),
  ADD KEY `idx_operation_flf` (`flf`);

--
-- Indexes for table `vessel`
--
ALTER TABLE `vessel`
  ADD PRIMARY KEY (`no_pk`),
  ADD UNIQUE KEY `uq_vessel_no_pk` (`no_pk`),
  ADD KEY `idx_buyer` (`buyer`),
  ADD KEY `idx_vessel` (`mothervessel`),
  ADD KEY `idx_laycan` (`laycan_start`,`laycan_end`);

--
-- AUTO_INCREMENT for dumped tables
--

--
-- AUTO_INCREMENT for table `barges`
--
ALTER TABLE `barges`
  MODIFY `id` int(11) NOT NULL AUTO_INCREMENT, AUTO_INCREMENT=114;

--
-- AUTO_INCREMENT for table `sibarges`
--
ALTER TABLE `sibarges`
  MODIFY `id` bigint(20) UNSIGNED NOT NULL AUTO_INCREMENT, AUTO_INCREMENT=19;

--
-- AUTO_INCREMENT for table `barge_operations`
--
ALTER TABLE `barge_operations`
  MODIFY `id` bigint(20) UNSIGNED NOT NULL AUTO_INCREMENT;

--
-- Constraints for dumped tables
--

--
-- Constraints for table `sibarges`
--
ALTER TABLE `sibarges`
  ADD CONSTRAINT `fk_sibarges_jetty` FOREIGN KEY (`jetty_code`) REFERENCES `jetty` (`jetty`) ON UPDATE CASCADE,
  ADD CONSTRAINT `fk_sibarges_shipper` FOREIGN KEY (`shipper_code`) REFERENCES `shipper` (`shipper`) ON UPDATE CASCADE,
  ADD CONSTRAINT `fk_sibarges_vessel` FOREIGN KEY (`no_pk`) REFERENCES `vessel` (`no_pk`) ON UPDATE CASCADE;

--
-- Constraints for table `barge_operations`
--
ALTER TABLE `barge_operations`
  ADD CONSTRAINT `fk_barge_operations_sibarges` FOREIGN KEY (`sibarges_id`) REFERENCES `sibarges` (`id`) ON DELETE CASCADE ON UPDATE CASCADE;
COMMIT;

/*!40101 SET CHARACTER_SET_CLIENT=@OLD_CHARACTER_SET_CLIENT */;
/*!40101 SET CHARACTER_SET_RESULTS=@OLD_CHARACTER_SET_RESULTS */;
/*!40101 SET COLLATION_CONNECTION=@OLD_COLLATION_CONNECTION */;
